timestamp,impl,op,load_factor,metric,value,unit,tag
2026-02-22T10:40:15.127746+00:00,radix_tree,insert_marginal,0.50,mean,5093.337104,ns,radix take 1
2026-02-22T10:40:15.127746+00:00,radix_tree,insert_marginal,0.50,median,5443.227778,ns,radix take 1
2026-02-22T10:40:15.127746+00:00,radix_tree,insert_marginal,0.50,std_dev,1125.917044,ns,radix take 1
2026-02-22T10:40:15.127746+00:00,radix_tree,insert_marginal,0.50,throughput_ops_per_sec,25130871.447134,ops/s,radix take 1
2026-02-22T10:40:15.127746+00:00,radix_tree,insert_marginal,0.75,mean,12515.391457,ns,radix take 1
2026-02-22T10:40:15.127746+00:00,radix_tree,insert_marginal,0.75,median,13789.720500,ns,radix take 1
2026-02-22T10:40:15.127746+00:00,radix_tree,insert_marginal,0.75,std_dev,3102.492020,ns,radix take 1
2026-02-22T10:40:15.127746+00:00,radix_tree,insert_marginal,0.75,throughput_ops_per_sec,10227406.824679,ops/s,radix take 1
2026-02-22T10:40:15.127746+00:00,radix_tree,lookup_hit,0.50,mean,7.601058,ns,radix take 1
2026-02-22T10:40:15.127746+00:00,radix_tree,lookup_hit,0.50,median,7.417202,ns,radix take 1
2026-02-22T10:40:15.127746+00:00,radix_tree,lookup_hit,0.50,std_dev,0.534899,ns,radix take 1
2026-02-22T10:40:15.127746+00:00,radix_tree,lookup_hit,0.50,throughput_ops_per_sec,131560635.914386,ops/s,radix take 1
2026-02-22T10:40:15.127746+00:00,radix_tree,lookup_hit,0.75,mean,11.807052,ns,radix take 1
2026-02-22T10:40:15.127746+00:00,radix_tree,lookup_hit,0.75,median,11.746015,ns,radix take 1
2026-02-22T10:40:15.127746+00:00,radix_tree,lookup_hit,0.75,std_dev,0.929700,ns,radix take 1
2026-02-22T10:40:15.127746+00:00,radix_tree,lookup_hit,0.75,throughput_ops_per_sec,84695145.903681,ops/s,radix take 1
2026-02-22T11:10:49.575216+00:00,radix_tree,insert_marginal,0.50,mean,14444.967661,ns,Introducing SIMD
2026-02-22T11:10:49.575216+00:00,radix_tree,insert_marginal,0.50,median,15672.595198,ns,Introducing SIMD
2026-02-22T11:10:49.575216+00:00,radix_tree,insert_marginal,0.50,std_dev,3026.173717,ns,Introducing SIMD
2026-02-22T11:10:49.575216+00:00,radix_tree,insert_marginal,0.50,throughput_ops_per_sec,8861217.484151,ops/s,Introducing SIMD
2026-02-22T11:10:49.575216+00:00,radix_tree,insert_marginal,0.75,mean,14469.307890,ns,Introducing SIMD
2026-02-22T11:10:49.575216+00:00,radix_tree,insert_marginal,0.75,median,15801.140766,ns,Introducing SIMD
2026-02-22T11:10:49.575216+00:00,radix_tree,insert_marginal,0.75,std_dev,3304.888578,ns,Introducing SIMD
2026-02-22T11:10:49.575216+00:00,radix_tree,insert_marginal,0.75,throughput_ops_per_sec,8846311.169235,ops/s,Introducing SIMD
2026-02-22T11:10:49.575216+00:00,radix_tree,lookup_hit,0.50,mean,12.044355,ns,Introducing SIMD
2026-02-22T11:10:49.575216+00:00,radix_tree,lookup_hit,0.50,median,11.849122,ns,Introducing SIMD
2026-02-22T11:10:49.575216+00:00,radix_tree,lookup_hit,0.50,std_dev,0.796952,ns,Introducing SIMD
2026-02-22T11:10:49.575216+00:00,radix_tree,lookup_hit,0.50,throughput_ops_per_sec,83026446.240604,ops/s,Introducing SIMD
2026-02-22T11:10:49.575216+00:00,radix_tree,lookup_hit,0.75,mean,16.246067,ns,Introducing SIMD
2026-02-22T11:10:49.575216+00:00,radix_tree,lookup_hit,0.75,median,16.115811,ns,Introducing SIMD
2026-02-22T11:10:49.575216+00:00,radix_tree,lookup_hit,0.75,std_dev,1.061454,ns,Introducing SIMD
2026-02-22T11:10:49.575216+00:00,radix_tree,lookup_hit,0.75,throughput_ops_per_sec,61553359.848470,ops/s,Introducing SIMD
2026-02-22T11:17:38.113651+00:00,radix_tree,insert_marginal,0.50,mean,14444.967661,ns,Introducing SIMD 2
2026-02-22T11:17:38.113651+00:00,radix_tree,insert_marginal,0.50,median,15672.595198,ns,Introducing SIMD 2
2026-02-22T11:17:38.113651+00:00,radix_tree,insert_marginal,0.50,std_dev,3026.173717,ns,Introducing SIMD 2
2026-02-22T11:17:38.113651+00:00,radix_tree,insert_marginal,0.50,throughput_ops_per_sec,8861217.484151,ops/s,Introducing SIMD 2
2026-02-22T11:17:38.113651+00:00,radix_tree,insert_marginal,0.75,mean,14469.307890,ns,Introducing SIMD 2
2026-02-22T11:17:38.113651+00:00,radix_tree,insert_marginal,0.75,median,15801.140766,ns,Introducing SIMD 2
2026-02-22T11:17:38.113651+00:00,radix_tree,insert_marginal,0.75,std_dev,3304.888578,ns,Introducing SIMD 2
2026-02-22T11:17:38.113651+00:00,radix_tree,insert_marginal,0.75,throughput_ops_per_sec,8846311.169235,ops/s,Introducing SIMD 2
2026-02-22T11:17:38.113651+00:00,radix_tree,lookup_hit,0.50,mean,12.044355,ns,Introducing SIMD 2
2026-02-22T11:17:38.113651+00:00,radix_tree,lookup_hit,0.50,median,11.849122,ns,Introducing SIMD 2
2026-02-22T11:17:38.113651+00:00,radix_tree,lookup_hit,0.50,std_dev,0.796952,ns,Introducing SIMD 2
2026-02-22T11:17:38.113651+00:00,radix_tree,lookup_hit,0.50,throughput_ops_per_sec,83026446.240604,ops/s,Introducing SIMD 2
2026-02-22T11:17:38.113651+00:00,radix_tree,lookup_hit,0.75,mean,16.246067,ns,Introducing SIMD 2
2026-02-22T11:17:38.113651+00:00,radix_tree,lookup_hit,0.75,median,16.115811,ns,Introducing SIMD 2
2026-02-22T11:17:38.113651+00:00,radix_tree,lookup_hit,0.75,std_dev,1.061454,ns,Introducing SIMD 2
2026-02-22T11:17:38.113651+00:00,radix_tree,lookup_hit,0.75,throughput_ops_per_sec,61553359.848470,ops/s,Introducing SIMD 2
2026-02-25T08:25:35.261066+00:00,radix_tree,insert_marginal,0.01,mean,9413.126221,ns,slot aligned
2026-02-25T08:25:35.261066+00:00,radix_tree,insert_marginal,0.01,median,9413.126221,ns,slot aligned
2026-02-25T08:25:35.261066+00:00,radix_tree,insert_marginal,0.01,std_dev,162.217132,ns,slot aligned
2026-02-25T08:25:35.261066+00:00,radix_tree,insert_marginal,0.01,throughput_ops_per_sec,13598032.895647,ops/s,slot aligned
2026-02-25T08:25:35.261066+00:00,radix_tree,insert_marginal,0.25,mean,10155.937012,ns,slot aligned
2026-02-25T08:25:35.261066+00:00,radix_tree,insert_marginal,0.25,median,10155.937012,ns,slot aligned
2026-02-25T08:25:35.261066+00:00,radix_tree,insert_marginal,0.25,std_dev,220.823095,ns,slot aligned
2026-02-25T08:25:35.261066+00:00,radix_tree,insert_marginal,0.25,throughput_ops_per_sec,12603465.327946,ops/s,slot aligned
2026-02-25T08:25:35.261066+00:00,radix_tree,insert_marginal,0.50,mean,7845.793945,ns,slot aligned
2026-02-25T08:25:35.261066+00:00,radix_tree,insert_marginal,0.50,median,7845.793945,ns,slot aligned
2026-02-25T08:25:35.261066+00:00,radix_tree,insert_marginal,0.50,std_dev,135.934373,ns,slot aligned
2026-02-25T08:25:35.261066+00:00,radix_tree,insert_marginal,0.50,throughput_ops_per_sec,16314473.830462,ops/s,slot aligned
2026-02-25T08:25:35.261066+00:00,radix_tree,insert_marginal,0.75,mean,8706.842773,ns,slot aligned
2026-02-25T08:25:35.261066+00:00,radix_tree,insert_marginal,0.75,median,8706.842773,ns,slot aligned
2026-02-25T08:25:35.261066+00:00,radix_tree,insert_marginal,0.75,std_dev,52.444674,ns,slot aligned
2026-02-25T08:25:35.261066+00:00,radix_tree,insert_marginal,0.75,throughput_ops_per_sec,14701080.900473,ops/s,slot aligned
2026-02-25T08:25:35.261066+00:00,radix_tree,lookup_hit,0.01,mean,2.600827,ns,slot aligned
2026-02-25T08:25:35.261066+00:00,radix_tree,lookup_hit,0.01,median,2.675463,ns,slot aligned
2026-02-25T08:25:35.261066+00:00,radix_tree,lookup_hit,0.01,std_dev,0.182310,ns,slot aligned
2026-02-25T08:25:35.261066+00:00,radix_tree,lookup_hit,0.01,throughput_ops_per_sec,384493138.058998,ops/s,slot aligned
2026-02-25T08:25:35.261066+00:00,radix_tree,lookup_hit,0.25,mean,3.801854,ns,slot aligned
2026-02-25T08:25:35.261066+00:00,radix_tree,lookup_hit,0.25,median,3.784903,ns,slot aligned
2026-02-25T08:25:35.261066+00:00,radix_tree,lookup_hit,0.25,std_dev,0.313718,ns,slot aligned
2026-02-25T08:25:35.261066+00:00,radix_tree,lookup_hit,0.25,throughput_ops_per_sec,263029598.164546,ops/s,slot aligned
2026-02-25T08:25:35.261066+00:00,radix_tree,lookup_hit,0.50,mean,7.211404,ns,slot aligned
2026-02-25T08:25:35.261066+00:00,radix_tree,lookup_hit,0.50,median,7.261569,ns,slot aligned
2026-02-25T08:25:35.261066+00:00,radix_tree,lookup_hit,0.50,std_dev,0.454902,ns,slot aligned
2026-02-25T08:25:35.261066+00:00,radix_tree,lookup_hit,0.50,throughput_ops_per_sec,138669253.290739,ops/s,slot aligned
2026-02-25T08:25:35.261066+00:00,radix_tree,lookup_hit,0.75,mean,11.993451,ns,slot aligned
2026-02-25T08:25:35.261066+00:00,radix_tree,lookup_hit,0.75,median,12.243226,ns,slot aligned
2026-02-25T08:25:35.261066+00:00,radix_tree,lookup_hit,0.75,std_dev,0.982815,ns,slot aligned
2026-02-25T08:25:35.261066+00:00,radix_tree,lookup_hit,0.75,throughput_ops_per_sec,83378838.758391,ops/s,slot aligned
2026-02-25T09:57:11.537607+00:00,radix_tree,insert_marginal,0.01,mean,3128.753796,ns,preferred linear SIMD/NEON
2026-02-25T09:57:11.537607+00:00,radix_tree,insert_marginal,0.01,median,3439.404786,ns,preferred linear SIMD/NEON
2026-02-25T09:57:11.537607+00:00,radix_tree,insert_marginal,0.01,std_dev,885.525498,ns,preferred linear SIMD/NEON
2026-02-25T09:57:11.537607+00:00,radix_tree,insert_marginal,0.01,throughput_ops_per_sec,40910857.276236,ops/s,preferred linear SIMD/NEON
2026-02-25T09:57:11.537607+00:00,radix_tree,insert_marginal,0.25,mean,3813.572805,ns,preferred linear SIMD/NEON
2026-02-25T09:57:11.537607+00:00,radix_tree,insert_marginal,0.25,median,4144.271558,ns,preferred linear SIMD/NEON
2026-02-25T09:57:11.537607+00:00,radix_tree,insert_marginal,0.25,std_dev,870.024028,ns,preferred linear SIMD/NEON
2026-02-25T09:57:11.537607+00:00,radix_tree,insert_marginal,0.25,throughput_ops_per_sec,33564325.778525,ops/s,preferred linear SIMD/NEON
2026-02-25T09:57:11.537607+00:00,radix_tree,insert_marginal,0.50,mean,5702.355519,ns,preferred linear SIMD/NEON
2026-02-25T09:57:11.537607+00:00,radix_tree,insert_marginal,0.50,median,6051.851488,ns,preferred linear SIMD/NEON
2026-02-25T09:57:11.537607+00:00,radix_tree,insert_marginal,0.50,std_dev,1297.437425,ns,preferred linear SIMD/NEON
2026-02-25T09:57:11.537607+00:00,radix_tree,insert_marginal,0.50,throughput_ops_per_sec,22446864.209632,ops/s,preferred linear SIMD/NEON
2026-02-25T09:57:11.537607+00:00,radix_tree,insert_marginal,0.75,mean,9991.599204,ns,preferred linear SIMD/NEON
2026-02-25T09:57:11.537607+00:00,radix_tree,insert_marginal,0.75,median,11318.428001,ns,preferred linear SIMD/NEON
2026-02-25T09:57:11.537607+00:00,radix_tree,insert_marginal,0.75,std_dev,3714.489750,ns,preferred linear SIMD/NEON
2026-02-25T09:57:11.537607+00:00,radix_tree,insert_marginal,0.75,throughput_ops_per_sec,12810762.060307,ops/s,preferred linear SIMD/NEON
2026-02-25T09:57:11.537607+00:00,radix_tree,lookup_hit,0.01,mean,5.736085,ns,preferred linear SIMD/NEON
2026-02-25T09:57:11.537607+00:00,radix_tree,lookup_hit,0.01,median,5.767929,ns,preferred linear SIMD/NEON
2026-02-25T09:57:11.537607+00:00,radix_tree,lookup_hit,0.01,std_dev,0.373935,ns,preferred linear SIMD/NEON
2026-02-25T09:57:11.537607+00:00,radix_tree,lookup_hit,0.01,throughput_ops_per_sec,174334920.057031,ops/s,preferred linear SIMD/NEON
2026-02-25T09:57:11.537607+00:00,radix_tree,lookup_hit,0.25,mean,7.231786,ns,preferred linear SIMD/NEON
2026-02-25T09:57:11.537607+00:00,radix_tree,lookup_hit,0.25,median,7.344892,ns,preferred linear SIMD/NEON
2026-02-25T09:57:11.537607+00:00,radix_tree,lookup_hit,0.25,std_dev,0.430079,ns,preferred linear SIMD/NEON
2026-02-25T09:57:11.537607+00:00,radix_tree,lookup_hit,0.25,throughput_ops_per_sec,138278426.513779,ops/s,preferred linear SIMD/NEON
2026-02-25T09:57:11.537607+00:00,radix_tree,lookup_hit,0.50,mean,10.499559,ns,preferred linear SIMD/NEON
2026-02-25T09:57:11.537607+00:00,radix_tree,lookup_hit,0.50,median,10.784067,ns,preferred linear SIMD/NEON
2026-02-25T09:57:11.537607+00:00,radix_tree,lookup_hit,0.50,std_dev,0.749362,ns,preferred linear SIMD/NEON
2026-02-25T09:57:11.537607+00:00,radix_tree,lookup_hit,0.50,throughput_ops_per_sec,95242098.507733,ops/s,preferred linear SIMD/NEON
2026-02-25T09:57:11.537607+00:00,radix_tree,lookup_hit,0.75,mean,15.098076,ns,preferred linear SIMD/NEON
2026-02-25T09:57:11.537607+00:00,radix_tree,lookup_hit,0.75,median,15.235223,ns,preferred linear SIMD/NEON
2026-02-25T09:57:11.537607+00:00,radix_tree,lookup_hit,0.75,std_dev,1.484506,ns,preferred linear SIMD/NEON
2026-02-25T09:57:11.537607+00:00,radix_tree,lookup_hit,0.75,throughput_ops_per_sec,66233606.748366,ops/s,preferred linear SIMD/NEON
2026-02-25T09:57:11.537607+00:00,radix_tree,lookup_miss,0.01,mean,5.472053,ns,preferred linear SIMD/NEON
2026-02-25T09:57:11.537607+00:00,radix_tree,lookup_miss,0.01,median,5.596555,ns,preferred linear SIMD/NEON
2026-02-25T09:57:11.537607+00:00,radix_tree,lookup_miss,0.01,std_dev,0.355411,ns,preferred linear SIMD/NEON
2026-02-25T09:57:11.537607+00:00,radix_tree,lookup_miss,0.01,throughput_ops_per_sec,182746784.562817,ops/s,preferred linear SIMD/NEON
2026-02-25T09:57:11.537607+00:00,radix_tree,lookup_miss,0.25,mean,9.609763,ns,preferred linear SIMD/NEON
2026-02-25T09:57:11.537607+00:00,radix_tree,lookup_miss,0.25,median,9.200288,ns,preferred linear SIMD/NEON
2026-02-25T09:57:11.537607+00:00,radix_tree,lookup_miss,0.25,std_dev,2.519235,ns,preferred linear SIMD/NEON
2026-02-25T09:57:11.537607+00:00,radix_tree,lookup_miss,0.25,throughput_ops_per_sec,104060840.682076,ops/s,preferred linear SIMD/NEON
2026-02-25T09:57:11.537607+00:00,radix_tree,lookup_miss,0.50,mean,18.744137,ns,preferred linear SIMD/NEON
2026-02-25T09:57:11.537607+00:00,radix_tree,lookup_miss,0.50,median,19.073714,ns,preferred linear SIMD/NEON
2026-02-25T09:57:11.537607+00:00,radix_tree,lookup_miss,0.50,std_dev,1.347547,ns,preferred linear SIMD/NEON
2026-02-25T09:57:11.537607+00:00,radix_tree,lookup_miss,0.50,throughput_ops_per_sec,53350016.109159,ops/s,preferred linear SIMD/NEON
2026-02-25T09:57:11.537607+00:00,radix_tree,lookup_miss,0.75,mean,26.607447,ns,preferred linear SIMD/NEON
2026-02-25T09:57:11.537607+00:00,radix_tree,lookup_miss,0.75,median,27.411298,ns,preferred linear SIMD/NEON
2026-02-25T09:57:11.537607+00:00,radix_tree,lookup_miss,0.75,std_dev,1.742764,ns,preferred linear SIMD/NEON
2026-02-25T09:57:11.537607+00:00,radix_tree,lookup_miss,0.75,throughput_ops_per_sec,37583462.515388,ops/s,preferred linear SIMD/NEON
2026-02-25T11:15:32.495232+00:00,radix_tree,insert_marginal,0.01,mean,2664.253258,ns,prefetching
2026-02-25T11:15:32.495232+00:00,radix_tree,insert_marginal,0.01,median,2905.236553,ns,prefetching
2026-02-25T11:15:32.495232+00:00,radix_tree,insert_marginal,0.01,std_dev,627.322008,ns,prefetching
2026-02-25T11:15:32.495232+00:00,radix_tree,insert_marginal,0.01,throughput_ops_per_sec,48043480.716202,ops/s,prefetching
2026-02-25T11:15:32.495232+00:00,radix_tree,insert_marginal,0.25,mean,3044.889296,ns,prefetching
2026-02-25T11:15:32.495232+00:00,radix_tree,insert_marginal,0.25,median,3363.615751,ns,prefetching
2026-02-25T11:15:32.495232+00:00,radix_tree,insert_marginal,0.25,std_dev,707.132482,ns,prefetching
2026-02-25T11:15:32.495232+00:00,radix_tree,insert_marginal,0.25,throughput_ops_per_sec,42037653.110939,ops/s,prefetching
2026-02-25T11:15:32.495232+00:00,radix_tree,insert_marginal,0.50,mean,4175.601634,ns,prefetching
2026-02-25T11:15:32.495232+00:00,radix_tree,insert_marginal,0.50,median,4447.200124,ns,prefetching
2026-02-25T11:15:32.495232+00:00,radix_tree,insert_marginal,0.50,std_dev,778.787476,ns,prefetching
2026-02-25T11:15:32.495232+00:00,radix_tree,insert_marginal,0.50,throughput_ops_per_sec,30654265.233816,ops/s,prefetching
2026-02-25T11:15:32.495232+00:00,radix_tree,insert_marginal,0.75,mean,4893.067610,ns,prefetching
2026-02-25T11:15:32.495232+00:00,radix_tree,insert_marginal,0.75,median,5165.784485,ns,prefetching
2026-02-25T11:15:32.495232+00:00,radix_tree,insert_marginal,0.75,std_dev,1023.611942,ns,prefetching
2026-02-25T11:15:32.495232+00:00,radix_tree,insert_marginal,0.75,throughput_ops_per_sec,26159458.686364,ops/s,prefetching
2026-02-25T11:15:32.495232+00:00,radix_tree,lookup_hit,0.01,mean,2.938128,ns,prefetching
2026-02-25T11:15:32.495232+00:00,radix_tree,lookup_hit,0.01,median,3.001989,ns,prefetching
2026-02-25T11:15:32.495232+00:00,radix_tree,lookup_hit,0.01,std_dev,0.224755,ns,prefetching
2026-02-25T11:15:32.495232+00:00,radix_tree,lookup_hit,0.01,throughput_ops_per_sec,340352723.258561,ops/s,prefetching
2026-02-25T11:15:32.495232+00:00,radix_tree,lookup_hit,0.25,mean,3.440781,ns,prefetching
2026-02-25T11:15:32.495232+00:00,radix_tree,lookup_hit,0.25,median,3.436977,ns,prefetching
2026-02-25T11:15:32.495232+00:00,radix_tree,lookup_hit,0.25,std_dev,0.225767,ns,prefetching
2026-02-25T11:15:32.495232+00:00,radix_tree,lookup_hit,0.25,throughput_ops_per_sec,290631712.265124,ops/s,prefetching
2026-02-25T11:15:32.495232+00:00,radix_tree,lookup_hit,0.50,mean,5.491230,ns,prefetching
2026-02-25T11:15:32.495232+00:00,radix_tree,lookup_hit,0.50,median,5.445565,ns,prefetching
2026-02-25T11:15:32.495232+00:00,radix_tree,lookup_hit,0.50,std_dev,0.554966,ns,prefetching
2026-02-25T11:15:32.495232+00:00,radix_tree,lookup_hit,0.50,throughput_ops_per_sec,182108547.385888,ops/s,prefetching
2026-02-25T11:15:32.495232+00:00,radix_tree,lookup_hit,0.75,mean,7.944562,ns,prefetching
2026-02-25T11:15:32.495232+00:00,radix_tree,lookup_hit,0.75,median,7.963712,ns,prefetching
2026-02-25T11:15:32.495232+00:00,radix_tree,lookup_hit,0.75,std_dev,0.606550,ns,prefetching
2026-02-25T11:15:32.495232+00:00,radix_tree,lookup_hit,0.75,throughput_ops_per_sec,125872267.605150,ops/s,prefetching
2026-02-25T11:15:32.495232+00:00,radix_tree,lookup_miss,0.01,mean,2.932593,ns,prefetching
2026-02-25T11:15:32.495232+00:00,radix_tree,lookup_miss,0.01,median,2.995774,ns,prefetching
2026-02-25T11:15:32.495232+00:00,radix_tree,lookup_miss,0.01,std_dev,0.206423,ns,prefetching
2026-02-25T11:15:32.495232+00:00,radix_tree,lookup_miss,0.01,throughput_ops_per_sec,340995158.291935,ops/s,prefetching
2026-02-25T11:15:32.495232+00:00,radix_tree,lookup_miss,0.25,mean,6.245290,ns,prefetching
2026-02-25T11:15:32.495232+00:00,radix_tree,lookup_miss,0.25,median,6.337536,ns,prefetching
2026-02-25T11:15:32.495232+00:00,radix_tree,lookup_miss,0.25,std_dev,0.410654,ns,prefetching
2026-02-25T11:15:32.495232+00:00,radix_tree,lookup_miss,0.25,throughput_ops_per_sec,160120679.231784,ops/s,prefetching
2026-02-25T11:15:32.495232+00:00,radix_tree,lookup_miss,0.50,mean,10.125417,ns,prefetching
2026-02-25T11:15:32.495232+00:00,radix_tree,lookup_miss,0.50,median,10.303912,ns,prefetching
2026-02-25T11:15:32.495232+00:00,radix_tree,lookup_miss,0.50,std_dev,0.684587,ns,prefetching
2026-02-25T11:15:32.495232+00:00,radix_tree,lookup_miss,0.50,throughput_ops_per_sec,98761360.663368,ops/s,prefetching
2026-02-25T11:15:32.495232+00:00,radix_tree,lookup_miss,0.75,mean,12.481636,ns,prefetching
2026-02-25T11:15:32.495232+00:00,radix_tree,lookup_miss,0.75,median,12.498560,ns,prefetching
2026-02-25T11:15:32.495232+00:00,radix_tree,lookup_miss,0.75,std_dev,0.974055,ns,prefetching
2026-02-25T11:15:32.495232+00:00,radix_tree,lookup_miss,0.75,throughput_ops_per_sec,80117703.465424,ops/s,prefetching
2026-02-25T11:19:33.740525+00:00,radix_tree,insert_marginal,0.01,mean,2645.426317,ns,minor tweak on zero/target instruction
2026-02-25T11:19:33.740525+00:00,radix_tree,insert_marginal,0.01,median,2783.398673,ns,minor tweak on zero/target instruction
2026-02-25T11:19:33.740525+00:00,radix_tree,insert_marginal,0.01,std_dev,813.109175,ns,minor tweak on zero/target instruction
2026-02-25T11:19:33.740525+00:00,radix_tree,insert_marginal,0.01,throughput_ops_per_sec,48385396.031434,ops/s,minor tweak on zero/target instruction
2026-02-25T11:19:33.740525+00:00,radix_tree,insert_marginal,0.25,mean,3089.298000,ns,minor tweak on zero/target instruction
2026-02-25T11:19:33.740525+00:00,radix_tree,insert_marginal,0.25,median,3354.051689,ns,minor tweak on zero/target instruction
2026-02-25T11:19:33.740525+00:00,radix_tree,insert_marginal,0.25,std_dev,684.139104,ns,minor tweak on zero/target instruction
2026-02-25T11:19:33.740525+00:00,radix_tree,insert_marginal,0.25,throughput_ops_per_sec,41433361.230604,ops/s,minor tweak on zero/target instruction
2026-02-25T11:19:33.740525+00:00,radix_tree,insert_marginal,0.50,mean,4082.773941,ns,minor tweak on zero/target instruction
2026-02-25T11:19:33.740525+00:00,radix_tree,insert_marginal,0.50,median,4326.082996,ns,minor tweak on zero/target instruction
2026-02-25T11:19:33.740525+00:00,radix_tree,insert_marginal,0.50,std_dev,890.212542,ns,minor tweak on zero/target instruction
2026-02-25T11:19:33.740525+00:00,radix_tree,insert_marginal,0.50,throughput_ops_per_sec,31351233.707936,ops/s,minor tweak on zero/target instruction
2026-02-25T11:19:33.740525+00:00,radix_tree,insert_marginal,0.75,mean,4975.649737,ns,minor tweak on zero/target instruction
2026-02-25T11:19:33.740525+00:00,radix_tree,insert_marginal,0.75,median,5262.459120,ns,minor tweak on zero/target instruction
2026-02-25T11:19:33.740525+00:00,radix_tree,insert_marginal,0.75,std_dev,968.471274,ns,minor tweak on zero/target instruction
2026-02-25T11:19:33.740525+00:00,radix_tree,insert_marginal,0.75,throughput_ops_per_sec,25725283.482769,ops/s,minor tweak on zero/target instruction
2026-02-25T11:19:33.740525+00:00,radix_tree,lookup_hit,0.01,mean,2.871942,ns,minor tweak on zero/target instruction
2026-02-25T11:19:33.740525+00:00,radix_tree,lookup_hit,0.01,median,2.886466,ns,minor tweak on zero/target instruction
2026-02-25T11:19:33.740525+00:00,radix_tree,lookup_hit,0.01,std_dev,0.151120,ns,minor tweak on zero/target instruction
2026-02-25T11:19:33.740525+00:00,radix_tree,lookup_hit,0.01,throughput_ops_per_sec,348196480.347669,ops/s,minor tweak on zero/target instruction
2026-02-25T11:19:33.740525+00:00,radix_tree,lookup_hit,0.25,mean,3.663199,ns,minor tweak on zero/target instruction
2026-02-25T11:19:33.740525+00:00,radix_tree,lookup_hit,0.25,median,3.680415,ns,minor tweak on zero/target instruction
2026-02-25T11:19:33.740525+00:00,radix_tree,lookup_hit,0.25,std_dev,0.288564,ns,minor tweak on zero/target instruction
2026-02-25T11:19:33.740525+00:00,radix_tree,lookup_hit,0.25,throughput_ops_per_sec,272985446.845260,ops/s,minor tweak on zero/target instruction
2026-02-25T11:19:33.740525+00:00,radix_tree,lookup_hit,0.50,mean,5.248413,ns,minor tweak on zero/target instruction
2026-02-25T11:19:33.740525+00:00,radix_tree,lookup_hit,0.50,median,5.276836,ns,minor tweak on zero/target instruction
2026-02-25T11:19:33.740525+00:00,radix_tree,lookup_hit,0.50,std_dev,0.420486,ns,minor tweak on zero/target instruction
2026-02-25T11:19:33.740525+00:00,radix_tree,lookup_hit,0.50,throughput_ops_per_sec,190533779.163867,ops/s,minor tweak on zero/target instruction
2026-02-25T11:19:33.740525+00:00,radix_tree,lookup_hit,0.75,mean,7.883539,ns,minor tweak on zero/target instruction
2026-02-25T11:19:33.740525+00:00,radix_tree,lookup_hit,0.75,median,7.972288,ns,minor tweak on zero/target instruction
2026-02-25T11:19:33.740525+00:00,radix_tree,lookup_hit,0.75,std_dev,0.485164,ns,minor tweak on zero/target instruction
2026-02-25T11:19:33.740525+00:00,radix_tree,lookup_hit,0.75,throughput_ops_per_sec,126846585.673018,ops/s,minor tweak on zero/target instruction
2026-02-25T11:19:33.740525+00:00,radix_tree,lookup_miss,0.01,mean,2.800604,ns,minor tweak on zero/target instruction
2026-02-25T11:19:33.740525+00:00,radix_tree,lookup_miss,0.01,median,2.766815,ns,minor tweak on zero/target instruction
2026-02-25T11:19:33.740525+00:00,radix_tree,lookup_miss,0.01,std_dev,0.185688,ns,minor tweak on zero/target instruction
2026-02-25T11:19:33.740525+00:00,radix_tree,lookup_miss,0.01,throughput_ops_per_sec,357065867.217329,ops/s,minor tweak on zero/target instruction
2026-02-25T11:19:33.740525+00:00,radix_tree,lookup_miss,0.25,mean,6.011500,ns,minor tweak on zero/target instruction
2026-02-25T11:19:33.740525+00:00,radix_tree,lookup_miss,0.25,median,6.028370,ns,minor tweak on zero/target instruction
2026-02-25T11:19:33.740525+00:00,radix_tree,lookup_miss,0.25,std_dev,0.433374,ns,minor tweak on zero/target instruction
2026-02-25T11:19:33.740525+00:00,radix_tree,lookup_miss,0.25,throughput_ops_per_sec,166347826.214123,ops/s,minor tweak on zero/target instruction
2026-02-25T11:19:33.740525+00:00,radix_tree,lookup_miss,0.50,mean,9.846423,ns,minor tweak on zero/target instruction
2026-02-25T11:19:33.740525+00:00,radix_tree,lookup_miss,0.50,median,9.726846,ns,minor tweak on zero/target instruction
2026-02-25T11:19:33.740525+00:00,radix_tree,lookup_miss,0.50,std_dev,0.566193,ns,minor tweak on zero/target instruction
2026-02-25T11:19:33.740525+00:00,radix_tree,lookup_miss,0.50,throughput_ops_per_sec,101559727.906760,ops/s,minor tweak on zero/target instruction
2026-02-25T11:19:33.740525+00:00,radix_tree,lookup_miss,0.75,mean,12.355719,ns,minor tweak on zero/target instruction
2026-02-25T11:19:33.740525+00:00,radix_tree,lookup_miss,0.75,median,12.316937,ns,minor tweak on zero/target instruction
2026-02-25T11:19:33.740525+00:00,radix_tree,lookup_miss,0.75,std_dev,0.844760,ns,minor tweak on zero/target instruction
2026-02-25T11:19:33.740525+00:00,radix_tree,lookup_miss,0.75,throughput_ops_per_sec,80934178.166947,ops/s,minor tweak on zero/target instruction
2026-02-25T22:44:41.591567+00:00,radix_tree,insert_marginal,0.01,mean,2558.621994,ns,NEON only + empty check
2026-02-25T22:44:41.591567+00:00,radix_tree,insert_marginal,0.01,median,2790.056524,ns,NEON only + empty check
2026-02-25T22:44:41.591567+00:00,radix_tree,insert_marginal,0.01,std_dev,615.638170,ns,NEON only + empty check
2026-02-25T22:44:41.591567+00:00,radix_tree,insert_marginal,0.01,throughput_ops_per_sec,50026928.666769,ops/s,NEON only + empty check
2026-02-25T22:44:41.591567+00:00,radix_tree,insert_marginal,0.25,mean,2909.721168,ns,NEON only + empty check
2026-02-25T22:44:41.591567+00:00,radix_tree,insert_marginal,0.25,median,3200.850356,ns,NEON only + empty check
2026-02-25T22:44:41.591567+00:00,radix_tree,insert_marginal,0.25,std_dev,682.093596,ns,NEON only + empty check
2026-02-25T22:44:41.591567+00:00,radix_tree,insert_marginal,0.25,throughput_ops_per_sec,43990469.399874,ops/s,NEON only + empty check
2026-02-25T22:44:41.591567+00:00,radix_tree,insert_marginal,0.50,mean,3982.947669,ns,NEON only + empty check
2026-02-25T22:44:41.591567+00:00,radix_tree,insert_marginal,0.50,median,4240.476996,ns,NEON only + empty check
2026-02-25T22:44:41.591567+00:00,radix_tree,insert_marginal,0.50,std_dev,746.351747,ns,NEON only + empty check
2026-02-25T22:44:41.591567+00:00,radix_tree,insert_marginal,0.50,throughput_ops_per_sec,32137002.697847,ops/s,NEON only + empty check
2026-02-25T22:44:41.591567+00:00,radix_tree,insert_marginal,0.75,mean,4757.161286,ns,NEON only + empty check
2026-02-25T22:44:41.591567+00:00,radix_tree,insert_marginal,0.75,median,5042.297717,ns,NEON only + empty check
2026-02-25T22:44:41.591567+00:00,radix_tree,insert_marginal,0.75,std_dev,980.201035,ns,NEON only + empty check
2026-02-25T22:44:41.591567+00:00,radix_tree,insert_marginal,0.75,throughput_ops_per_sec,26906802.671344,ops/s,NEON only + empty check
2026-02-25T22:44:41.591567+00:00,radix_tree,lookup_hit,0.01,mean,4.653577,ns,NEON only + empty check
2026-02-25T22:44:41.591567+00:00,radix_tree,lookup_hit,0.01,median,4.698262,ns,NEON only + empty check
2026-02-25T22:44:41.591567+00:00,radix_tree,lookup_hit,0.01,std_dev,0.205380,ns,NEON only + empty check
2026-02-25T22:44:41.591567+00:00,radix_tree,lookup_hit,0.01,throughput_ops_per_sec,214888481.098803,ops/s,NEON only + empty check
2026-02-25T22:44:41.591567+00:00,radix_tree,lookup_hit,0.25,mean,5.284495,ns,NEON only + empty check
2026-02-25T22:44:41.591567+00:00,radix_tree,lookup_hit,0.25,median,5.265864,ns,NEON only + empty check
2026-02-25T22:44:41.591567+00:00,radix_tree,lookup_hit,0.25,std_dev,0.539133,ns,NEON only + empty check
2026-02-25T22:44:41.591567+00:00,radix_tree,lookup_hit,0.25,throughput_ops_per_sec,189232842.407568,ops/s,NEON only + empty check
2026-02-25T22:44:41.591567+00:00,radix_tree,lookup_hit,0.50,mean,5.370163,ns,NEON only + empty check
2026-02-25T22:44:41.591567+00:00,radix_tree,lookup_hit,0.50,median,5.527498,ns,NEON only + empty check
2026-02-25T22:44:41.591567+00:00,radix_tree,lookup_hit,0.50,std_dev,0.332732,ns,NEON only + empty check
2026-02-25T22:44:41.591567+00:00,radix_tree,lookup_hit,0.50,throughput_ops_per_sec,186214085.262822,ops/s,NEON only + empty check
2026-02-25T22:44:41.591567+00:00,radix_tree,lookup_hit,0.75,mean,5.611296,ns,NEON only + empty check
2026-02-25T22:44:41.591567+00:00,radix_tree,lookup_hit,0.75,median,5.628660,ns,NEON only + empty check
2026-02-25T22:44:41.591567+00:00,radix_tree,lookup_hit,0.75,std_dev,0.365705,ns,NEON only + empty check
2026-02-25T22:44:41.591567+00:00,radix_tree,lookup_hit,0.75,throughput_ops_per_sec,178211960.580869,ops/s,NEON only + empty check
2026-02-25T22:44:41.591567+00:00,radix_tree,lookup_miss,0.01,mean,3.172185,ns,NEON only + empty check
2026-02-25T22:44:41.591567+00:00,radix_tree,lookup_miss,0.01,median,3.168811,ns,NEON only + empty check
2026-02-25T22:44:41.591567+00:00,radix_tree,lookup_miss,0.01,std_dev,0.216929,ns,NEON only + empty check
2026-02-25T22:44:41.591567+00:00,radix_tree,lookup_miss,0.01,throughput_ops_per_sec,315240107.663426,ops/s,NEON only + empty check
2026-02-25T22:44:41.591567+00:00,radix_tree,lookup_miss,0.25,mean,6.176396,ns,NEON only + empty check
2026-02-25T22:44:41.591567+00:00,radix_tree,lookup_miss,0.25,median,6.101378,ns,NEON only + empty check
2026-02-25T22:44:41.591567+00:00,radix_tree,lookup_miss,0.25,std_dev,0.538707,ns,NEON only + empty check
2026-02-25T22:44:41.591567+00:00,radix_tree,lookup_miss,0.25,throughput_ops_per_sec,161906720.201936,ops/s,NEON only + empty check
2026-02-25T22:44:41.591567+00:00,radix_tree,lookup_miss,0.50,mean,10.291469,ns,NEON only + empty check
2026-02-25T22:44:41.591567+00:00,radix_tree,lookup_miss,0.50,median,10.275148,ns,NEON only + empty check
2026-02-25T22:44:41.591567+00:00,radix_tree,lookup_miss,0.50,std_dev,0.768777,ns,NEON only + empty check
2026-02-25T22:44:41.591567+00:00,radix_tree,lookup_miss,0.50,throughput_ops_per_sec,97167858.107335,ops/s,NEON only + empty check
2026-02-25T22:44:41.591567+00:00,radix_tree,lookup_miss,0.75,mean,13.293824,ns,NEON only + empty check
2026-02-25T22:44:41.591567+00:00,radix_tree,lookup_miss,0.75,median,13.515865,ns,NEON only + empty check
2026-02-25T22:44:41.591567+00:00,radix_tree,lookup_miss,0.75,std_dev,0.890275,ns,NEON only + empty check
2026-02-25T22:44:41.591567+00:00,radix_tree,lookup_miss,0.75,throughput_ops_per_sec,75222903.152048,ops/s,NEON only + empty check
2026-02-25T22:52:48.109435+00:00,radix_tree,insert_marginal,0.01,mean,2644.314503,ns,Reverted to preferred+NEON
2026-02-25T22:52:48.109435+00:00,radix_tree,insert_marginal,0.01,median,2887.774342,ns,Reverted to preferred+NEON
2026-02-25T22:52:48.109435+00:00,radix_tree,insert_marginal,0.01,std_dev,657.862952,ns,Reverted to preferred+NEON
2026-02-25T22:52:48.109435+00:00,radix_tree,insert_marginal,0.01,throughput_ops_per_sec,48405739.880916,ops/s,Reverted to preferred+NEON
2026-02-25T22:52:48.109435+00:00,radix_tree,insert_marginal,0.25,mean,3252.006552,ns,Reverted to preferred+NEON
2026-02-25T22:52:48.109435+00:00,radix_tree,insert_marginal,0.25,median,3380.474551,ns,Reverted to preferred+NEON
2026-02-25T22:52:48.109435+00:00,radix_tree,insert_marginal,0.25,std_dev,618.267159,ns,Reverted to preferred+NEON
2026-02-25T22:52:48.109435+00:00,radix_tree,insert_marginal,0.25,throughput_ops_per_sec,39360314.302768,ops/s,Reverted to preferred+NEON
2026-02-25T22:52:48.109435+00:00,radix_tree,insert_marginal,0.50,mean,3579.232585,ns,Reverted to preferred+NEON
2026-02-25T22:52:48.109435+00:00,radix_tree,insert_marginal,0.50,median,3847.404861,ns,Reverted to preferred+NEON
2026-02-25T22:52:48.109435+00:00,radix_tree,insert_marginal,0.50,std_dev,929.803716,ns,Reverted to preferred+NEON
2026-02-25T22:52:48.109435+00:00,radix_tree,insert_marginal,0.50,throughput_ops_per_sec,35761855.915027,ops/s,Reverted to preferred+NEON
2026-02-25T22:52:48.109435+00:00,radix_tree,insert_marginal,0.75,mean,4954.891782,ns,Reverted to preferred+NEON
2026-02-25T22:52:48.109435+00:00,radix_tree,insert_marginal,0.75,median,5154.267274,ns,Reverted to preferred+NEON
2026-02-25T22:52:48.109435+00:00,radix_tree,insert_marginal,0.75,std_dev,1061.725443,ns,Reverted to preferred+NEON
2026-02-25T22:52:48.109435+00:00,radix_tree,insert_marginal,0.75,throughput_ops_per_sec,25833056.631372,ops/s,Reverted to preferred+NEON
2026-02-25T22:52:48.109435+00:00,radix_tree,lookup_hit,0.01,mean,2.833729,ns,Reverted to preferred+NEON
2026-02-25T22:52:48.109435+00:00,radix_tree,lookup_hit,0.01,median,2.813900,ns,Reverted to preferred+NEON
2026-02-25T22:52:48.109435+00:00,radix_tree,lookup_hit,0.01,std_dev,0.156254,ns,Reverted to preferred+NEON
2026-02-25T22:52:48.109435+00:00,radix_tree,lookup_hit,0.01,throughput_ops_per_sec,352891852.899215,ops/s,Reverted to preferred+NEON
2026-02-25T22:52:48.109435+00:00,radix_tree,lookup_hit,0.25,mean,3.503039,ns,Reverted to preferred+NEON
2026-02-25T22:52:48.109435+00:00,radix_tree,lookup_hit,0.25,median,3.472829,ns,Reverted to preferred+NEON
2026-02-25T22:52:48.109435+00:00,radix_tree,lookup_hit,0.25,std_dev,0.195812,ns,Reverted to preferred+NEON
2026-02-25T22:52:48.109435+00:00,radix_tree,lookup_hit,0.25,throughput_ops_per_sec,285466449.140668,ops/s,Reverted to preferred+NEON
2026-02-25T22:52:48.109435+00:00,radix_tree,lookup_hit,0.50,mean,5.488886,ns,Reverted to preferred+NEON
2026-02-25T22:52:48.109435+00:00,radix_tree,lookup_hit,0.50,median,5.448977,ns,Reverted to preferred+NEON
2026-02-25T22:52:48.109435+00:00,radix_tree,lookup_hit,0.50,std_dev,0.376403,ns,Reverted to preferred+NEON
2026-02-25T22:52:48.109435+00:00,radix_tree,lookup_hit,0.50,throughput_ops_per_sec,182186315.214915,ops/s,Reverted to preferred+NEON
2026-02-25T22:52:48.109435+00:00,radix_tree,lookup_hit,0.75,mean,7.772072,ns,Reverted to preferred+NEON
2026-02-25T22:52:48.109435+00:00,radix_tree,lookup_hit,0.75,median,7.692860,ns,Reverted to preferred+NEON
2026-02-25T22:52:48.109435+00:00,radix_tree,lookup_hit,0.75,std_dev,0.633619,ns,Reverted to preferred+NEON
2026-02-25T22:52:48.109435+00:00,radix_tree,lookup_hit,0.75,throughput_ops_per_sec,128665810.270196,ops/s,Reverted to preferred+NEON
2026-02-25T22:52:48.109435+00:00,radix_tree,lookup_miss,0.01,mean,2.912725,ns,Reverted to preferred+NEON
2026-02-25T22:52:48.109435+00:00,radix_tree,lookup_miss,0.01,median,2.959244,ns,Reverted to preferred+NEON
2026-02-25T22:52:48.109435+00:00,radix_tree,lookup_miss,0.01,std_dev,0.198223,ns,Reverted to preferred+NEON
2026-02-25T22:52:48.109435+00:00,radix_tree,lookup_miss,0.01,throughput_ops_per_sec,343321077.394162,ops/s,Reverted to preferred+NEON
2026-02-25T22:52:48.109435+00:00,radix_tree,lookup_miss,0.25,mean,6.119896,ns,Reverted to preferred+NEON
2026-02-25T22:52:48.109435+00:00,radix_tree,lookup_miss,0.25,median,6.133176,ns,Reverted to preferred+NEON
2026-02-25T22:52:48.109435+00:00,radix_tree,lookup_miss,0.25,std_dev,0.389602,ns,Reverted to preferred+NEON
2026-02-25T22:52:48.109435+00:00,radix_tree,lookup_miss,0.25,throughput_ops_per_sec,163401481.064164,ops/s,Reverted to preferred+NEON
2026-02-25T22:52:48.109435+00:00,radix_tree,lookup_miss,0.50,mean,9.765875,ns,Reverted to preferred+NEON
2026-02-25T22:52:48.109435+00:00,radix_tree,lookup_miss,0.50,median,9.557352,ns,Reverted to preferred+NEON
2026-02-25T22:52:48.109435+00:00,radix_tree,lookup_miss,0.50,std_dev,0.731954,ns,Reverted to preferred+NEON
2026-02-25T22:52:48.109435+00:00,radix_tree,lookup_miss,0.50,throughput_ops_per_sec,102397376.057746,ops/s,Reverted to preferred+NEON
2026-02-25T22:52:48.109435+00:00,radix_tree,lookup_miss,0.75,mean,12.727403,ns,Reverted to preferred+NEON
2026-02-25T22:52:48.109435+00:00,radix_tree,lookup_miss,0.75,median,12.777785,ns,Reverted to preferred+NEON
2026-02-25T22:52:48.109435+00:00,radix_tree,lookup_miss,0.75,std_dev,0.953170,ns,Reverted to preferred+NEON
2026-02-25T22:52:48.109435+00:00,radix_tree,lookup_miss,0.75,throughput_ops_per_sec,78570624.146578,ops/s,Reverted to preferred+NEON
2026-02-26T07:16:39.746455+00:00,radix_tree,iter,0.01,mean,95718.362793,ns,iter using hashes
2026-02-26T07:16:39.746455+00:00,radix_tree,iter,0.01,median,95718.362793,ns,iter using hashes
2026-02-26T07:16:39.746455+00:00,radix_tree,iter,0.01,std_dev,1148.042411,ns,iter using hashes
2026-02-26T07:16:39.746455+00:00,radix_tree,iter,0.01,throughput_ops_per_sec,27382415.698741,ops/s,iter using hashes
2026-02-26T07:16:39.746455+00:00,radix_tree,iter,0.25,mean,350800.128906,ns,iter using hashes
2026-02-26T07:16:39.746455+00:00,radix_tree,iter,0.25,median,350800.128906,ns,iter using hashes
2026-02-26T07:16:39.746455+00:00,radix_tree,iter,0.25,std_dev,2618.963314,ns,iter using hashes
2026-02-26T07:16:39.746455+00:00,radix_tree,iter,0.25,throughput_ops_per_sec,186818631.464968,ops/s,iter using hashes
2026-02-26T07:16:39.746455+00:00,radix_tree,iter,0.50,mean,587232.421875,ns,iter using hashes
2026-02-26T07:16:39.746455+00:00,radix_tree,iter,0.50,median,587232.421875,ns,iter using hashes
2026-02-26T07:16:39.746455+00:00,radix_tree,iter,0.50,std_dev,2550.379480,ns,iter using hashes
2026-02-26T07:16:39.746455+00:00,radix_tree,iter,0.50,throughput_ops_per_sec,223202934.847321,ops/s,iter using hashes
2026-02-26T07:16:39.746455+00:00,radix_tree,iter,0.75,mean,360993.447266,ns,iter using hashes
2026-02-26T07:16:39.746455+00:00,radix_tree,iter,0.75,median,360993.447266,ns,iter using hashes
2026-02-26T07:16:39.746455+00:00,radix_tree,iter,0.75,std_dev,12726.715008,ns,iter using hashes
2026-02-26T07:16:39.746455+00:00,radix_tree,iter,0.75,throughput_ops_per_sec,544630384.538068,ops/s,iter using hashes
2026-02-26T07:17:31.419943+00:00,radix_tree,iter,0.01,mean,101728.921875,ns,iter using fps
2026-02-26T07:17:31.419943+00:00,radix_tree,iter,0.01,median,101728.921875,ns,iter using fps
2026-02-26T07:17:31.419943+00:00,radix_tree,iter,0.01,std_dev,3371.993366,ns,iter using fps
2026-02-26T07:17:31.419943+00:00,radix_tree,iter,0.01,throughput_ops_per_sec,25764551.041056,ops/s,iter using fps
2026-02-26T07:17:31.419943+00:00,radix_tree,iter,0.25,mean,377727.541016,ns,iter using fps
2026-02-26T07:17:31.419943+00:00,radix_tree,iter,0.25,median,377727.541016,ns,iter using fps
2026-02-26T07:17:31.419943+00:00,radix_tree,iter,0.25,std_dev,11006.650141,ns,iter using fps
2026-02-26T07:17:31.419943+00:00,radix_tree,iter,0.25,throughput_ops_per_sec,173500719.126247,ops/s,iter using fps
2026-02-26T07:17:31.419943+00:00,radix_tree,iter,0.50,mean,579258.468750,ns,iter using fps
2026-02-26T07:17:31.419943+00:00,radix_tree,iter,0.50,median,579258.468750,ns,iter using fps
2026-02-26T07:17:31.419943+00:00,radix_tree,iter,0.50,std_dev,12717.801596,ns,iter using fps
2026-02-26T07:17:31.419943+00:00,radix_tree,iter,0.50,throughput_ops_per_sec,226275500.611747,ops/s,iter using fps
2026-02-26T07:17:31.419943+00:00,radix_tree,iter,0.75,mean,337694.582031,ns,iter using fps
2026-02-26T07:17:31.419943+00:00,radix_tree,iter,0.75,median,337694.582031,ns,iter using fps
2026-02-26T07:17:31.419943+00:00,radix_tree,iter,0.75,std_dev,13087.115733,ns,iter using fps
2026-02-26T07:17:31.419943+00:00,radix_tree,iter,0.75,throughput_ops_per_sec,582206557.231072,ops/s,iter using fps
2026-02-26T07:17:43.612208+00:00,radix_tree,iter,0.01,mean,13841.105225,ns,iter using neon
2026-02-26T07:17:43.612208+00:00,radix_tree,iter,0.01,median,13841.105225,ns,iter using neon
2026-02-26T07:17:43.612208+00:00,radix_tree,iter,0.01,std_dev,8.919282,ns,iter using neon
2026-02-26T07:17:43.612208+00:00,radix_tree,iter,0.01,throughput_ops_per_sec,189363490.665462,ops/s,iter using neon
2026-02-26T07:17:43.612208+00:00,radix_tree,iter,0.25,mean,48296.773438,ns,iter using neon
2026-02-26T07:17:43.612208+00:00,radix_tree,iter,0.25,median,48296.773438,ns,iter using neon
2026-02-26T07:17:43.612208+00:00,radix_tree,iter,0.25,std_dev,1612.311184,ns,iter using neon
2026-02-26T07:17:43.612208+00:00,radix_tree,iter,0.25,throughput_ops_per_sec,1356943649.347693,ops/s,iter using neon
2026-02-26T07:17:43.612208+00:00,radix_tree,iter,0.50,mean,119301.392578,ns,iter using neon
2026-02-26T07:17:43.612208+00:00,radix_tree,iter,0.50,median,119301.392578,ns,iter using neon
2026-02-26T07:17:43.612208+00:00,radix_tree,iter,0.50,std_dev,2862.321294,ns,iter using neon
2026-02-26T07:17:43.612208+00:00,radix_tree,iter,0.50,throughput_ops_per_sec,1098662783.120214,ops/s,iter using neon
2026-02-26T07:17:43.612208+00:00,radix_tree,iter,0.75,mean,200643.575195,ns,iter using neon
2026-02-26T07:17:43.612208+00:00,radix_tree,iter,0.75,median,200643.575195,ns,iter using neon
2026-02-26T07:17:43.612208+00:00,radix_tree,iter,0.75,std_dev,3057.771409,ns,iter using neon
2026-02-26T07:17:43.612208+00:00,radix_tree,iter,0.75,throughput_ops_per_sec,979886845.659602,ops/s,iter using neon
2026-02-26T09:42:04.051762+00:00,radix_tree,insert_marginal,0.01,mean,2662.594427,ns,Code layout improvements
2026-02-26T09:42:04.051762+00:00,radix_tree,insert_marginal,0.01,median,2837.712083,ns,Code layout improvements
2026-02-26T09:42:04.051762+00:00,radix_tree,insert_marginal,0.01,std_dev,615.203165,ns,Code layout improvements
2026-02-26T09:42:04.051762+00:00,radix_tree,insert_marginal,0.01,throughput_ops_per_sec,48073412.412370,ops/s,Code layout improvements
2026-02-26T09:42:04.051762+00:00,radix_tree,insert_marginal,0.25,mean,3210.232722,ns,Code layout improvements
2026-02-26T09:42:04.051762+00:00,radix_tree,insert_marginal,0.25,median,3447.632805,ns,Code layout improvements
2026-02-26T09:42:04.051762+00:00,radix_tree,insert_marginal,0.25,std_dev,649.653674,ns,Code layout improvements
2026-02-26T09:42:04.051762+00:00,radix_tree,insert_marginal,0.25,throughput_ops_per_sec,39872498.688723,ops/s,Code layout improvements
2026-02-26T09:42:04.051762+00:00,radix_tree,insert_marginal,0.50,mean,4257.986130,ns,Code layout improvements
2026-02-26T09:42:04.051762+00:00,radix_tree,insert_marginal,0.50,median,4437.795222,ns,Code layout improvements
2026-02-26T09:42:04.051762+00:00,radix_tree,insert_marginal,0.50,std_dev,842.570359,ns,Code layout improvements
2026-02-26T09:42:04.051762+00:00,radix_tree,insert_marginal,0.50,throughput_ops_per_sec,30061159.452881,ops/s,Code layout improvements
2026-02-26T09:42:04.051762+00:00,radix_tree,insert_marginal,0.75,mean,5052.131866,ns,Code layout improvements
2026-02-26T09:42:04.051762+00:00,radix_tree,insert_marginal,0.75,median,5355.439799,ns,Code layout improvements
2026-02-26T09:42:04.051762+00:00,radix_tree,insert_marginal,0.75,std_dev,1327.463143,ns,Code layout improvements
2026-02-26T09:42:04.051762+00:00,radix_tree,insert_marginal,0.75,throughput_ops_per_sec,25335839.088404,ops/s,Code layout improvements
2026-02-26T09:42:04.051762+00:00,radix_tree,iter,0.01,mean,12963.779782,ns,Code layout improvements
2026-02-26T09:42:04.051762+00:00,radix_tree,iter,0.01,median,13147.555506,ns,Code layout improvements
2026-02-26T09:42:04.051762+00:00,radix_tree,iter,0.01,std_dev,710.336925,ns,Code layout improvements
2026-02-26T09:42:04.051762+00:00,radix_tree,iter,0.01,throughput_ops_per_sec,202178688.941486,ops/s,Code layout improvements
2026-02-26T09:42:04.051762+00:00,radix_tree,iter,0.25,mean,43883.677379,ns,Code layout improvements
2026-02-26T09:42:04.051762+00:00,radix_tree,iter,0.25,median,43930.858652,ns,Code layout improvements
2026-02-26T09:42:04.051762+00:00,radix_tree,iter,0.25,std_dev,4054.017459,ns,Code layout improvements
2026-02-26T09:42:04.051762+00:00,radix_tree,iter,0.25,throughput_ops_per_sec,1493402647.960680,ops/s,Code layout improvements
2026-02-26T09:42:04.051762+00:00,radix_tree,iter,0.50,mean,101085.451979,ns,Code layout improvements
2026-02-26T09:42:04.051762+00:00,radix_tree,iter,0.50,median,100444.332692,ns,Code layout improvements
2026-02-26T09:42:04.051762+00:00,radix_tree,iter,0.50,std_dev,11472.492592,ns,Code layout improvements
2026-02-26T09:42:04.051762+00:00,radix_tree,iter,0.50,throughput_ops_per_sec,1296645535.377268,ops/s,Code layout improvements
2026-02-26T09:42:04.051762+00:00,radix_tree,iter,0.75,mean,206730.208219,ns,Code layout improvements
2026-02-26T09:42:04.051762+00:00,radix_tree,iter,0.75,median,206705.872476,ns,Code layout improvements
2026-02-26T09:42:04.051762+00:00,radix_tree,iter,0.75,std_dev,12925.721175,ns,Code layout improvements
2026-02-26T09:42:04.051762+00:00,radix_tree,iter,0.75,throughput_ops_per_sec,951036627.369164,ops/s,Code layout improvements
2026-02-26T09:42:04.051762+00:00,radix_tree,lookup_hit,0.01,mean,2.839592,ns,Code layout improvements
2026-02-26T09:42:04.051762+00:00,radix_tree,lookup_hit,0.01,median,2.824711,ns,Code layout improvements
2026-02-26T09:42:04.051762+00:00,radix_tree,lookup_hit,0.01,std_dev,0.170561,ns,Code layout improvements
2026-02-26T09:42:04.051762+00:00,radix_tree,lookup_hit,0.01,throughput_ops_per_sec,352163304.196020,ops/s,Code layout improvements
2026-02-26T09:42:04.051762+00:00,radix_tree,lookup_hit,0.25,mean,3.760169,ns,Code layout improvements
2026-02-26T09:42:04.051762+00:00,radix_tree,lookup_hit,0.25,median,3.769078,ns,Code layout improvements
2026-02-26T09:42:04.051762+00:00,radix_tree,lookup_hit,0.25,std_dev,0.226092,ns,Code layout improvements
2026-02-26T09:42:04.051762+00:00,radix_tree,lookup_hit,0.25,throughput_ops_per_sec,265945526.466096,ops/s,Code layout improvements
2026-02-26T09:42:04.051762+00:00,radix_tree,lookup_hit,0.50,mean,5.591691,ns,Code layout improvements
2026-02-26T09:42:04.051762+00:00,radix_tree,lookup_hit,0.50,median,5.575678,ns,Code layout improvements
2026-02-26T09:42:04.051762+00:00,radix_tree,lookup_hit,0.50,std_dev,0.514674,ns,Code layout improvements
2026-02-26T09:42:04.051762+00:00,radix_tree,lookup_hit,0.50,throughput_ops_per_sec,178836788.065764,ops/s,Code layout improvements
2026-02-26T09:42:04.051762+00:00,radix_tree,lookup_hit,0.75,mean,8.156234,ns,Code layout improvements
2026-02-26T09:42:04.051762+00:00,radix_tree,lookup_hit,0.75,median,8.237479,ns,Code layout improvements
2026-02-26T09:42:04.051762+00:00,radix_tree,lookup_hit,0.75,std_dev,0.788588,ns,Code layout improvements
2026-02-26T09:42:04.051762+00:00,radix_tree,lookup_hit,0.75,throughput_ops_per_sec,122605611.584367,ops/s,Code layout improvements
2026-02-26T09:42:04.051762+00:00,radix_tree,lookup_miss,0.01,mean,2.878558,ns,Code layout improvements
2026-02-26T09:42:04.051762+00:00,radix_tree,lookup_miss,0.01,median,2.847603,ns,Code layout improvements
2026-02-26T09:42:04.051762+00:00,radix_tree,lookup_miss,0.01,std_dev,0.181813,ns,Code layout improvements
2026-02-26T09:42:04.051762+00:00,radix_tree,lookup_miss,0.01,throughput_ops_per_sec,347396121.696351,ops/s,Code layout improvements
2026-02-26T09:42:04.051762+00:00,radix_tree,lookup_miss,0.25,mean,6.329239,ns,Code layout improvements
2026-02-26T09:42:04.051762+00:00,radix_tree,lookup_miss,0.25,median,6.433231,ns,Code layout improvements
2026-02-26T09:42:04.051762+00:00,radix_tree,lookup_miss,0.25,std_dev,0.449212,ns,Code layout improvements
2026-02-26T09:42:04.051762+00:00,radix_tree,lookup_miss,0.25,throughput_ops_per_sec,157996879.698903,ops/s,Code layout improvements
2026-02-26T09:42:04.051762+00:00,radix_tree,lookup_miss,0.50,mean,10.485676,ns,Code layout improvements
2026-02-26T09:42:04.051762+00:00,radix_tree,lookup_miss,0.50,median,10.576301,ns,Code layout improvements
2026-02-26T09:42:04.051762+00:00,radix_tree,lookup_miss,0.50,std_dev,0.767566,ns,Code layout improvements
2026-02-26T09:42:04.051762+00:00,radix_tree,lookup_miss,0.50,throughput_ops_per_sec,95368195.875976,ops/s,Code layout improvements
2026-02-26T09:42:04.051762+00:00,radix_tree,lookup_miss,0.75,mean,12.966304,ns,Code layout improvements
2026-02-26T09:42:04.051762+00:00,radix_tree,lookup_miss,0.75,median,13.024439,ns,Code layout improvements
2026-02-26T09:42:04.051762+00:00,radix_tree,lookup_miss,0.75,std_dev,0.771773,ns,Code layout improvements
2026-02-26T09:42:04.051762+00:00,radix_tree,lookup_miss,0.75,throughput_ops_per_sec,77122978.411193,ops/s,Code layout improvements
